"text","where","note","en","ru","uk","es","pt_BR","de","fr"
"Feed","FeedPage, Rail","","Feed","","","","","",""
"New from the people you follow","FeedPage","","New from the people you follow","","","","","",""
"Follow some artists to fill your feed","FeedPage","","Follow some artists to fill your feed","","","","","",""
"Good night","HomePage","","Good night","","","","","",""
"Good morning","HomePage","","Good morning","","","","","",""
"Good afternoon","HomePage","","Good afternoon","","","","","",""
"Good evening","HomePage","","Good evening","","","","","",""
"%1, %2","HomePage","the greeting above Home: %1 is ""Good evening"" etc., %2 the user's name; keep %1, %2","%1, %2","","","","","",""
"Couldn't load Home (%1)","HomePage","keep %1","Couldn't load Home (%1)","","","","","",""
"Nothing to show yet","HomePage","","Nothing to show yet","","","","","",""
"Nothing here yet","ItemGrid, ItemList","","Nothing here yet","","","","","",""
"Couldn't load (%1)","ItemGrid, ItemList, PlaylistPage","keep %1","Couldn't load (%1)","","","","","",""
"Play","ItemMenu","","Play","","","","","",""
"Open","ItemMenu","","Open","","","","","",""
"Play next","ItemMenu","","Play next","","","","","",""
"Add to queue","ItemMenu","","Add to queue","","","","","",""
"Unlike","ItemMenu, ItemRow, NowPlayingPanel","","Unlike","","","","","",""
"Like","ItemMenu, ItemRow, NowPlayingPanel","","Like","","","","","",""
"Go to artist","ItemMenu","","Go to artist","","","","","",""
"Copy link","ItemMenu","","Copy link","","","","","",""
"Open on soundcloud.com","ItemMenu, PlaylistPage, UserPage","","Open on soundcloud.com","","","","","",""
"PREVIEW","ItemRow, NowPlayingPanel","badge on tracks of which only a 30-second snippet plays; short, capitals","PREVIEW","","","","","",""
"30-second preview here: the full track is DRM-protected and plays in full only on soundcloud.com","ItemRow","","30-second preview here: the full track is DRM-protected and plays in full only on soundcloud.com","","","","","",""
"30-second preview: SoundCloud gives this account only a snippet (Go+)","ItemRow","","30-second preview: SoundCloud gives this account only a snippet (Go+)","","","","","",""
"Only playable on soundcloud.com (DRM)","ItemRow","","Only playable on soundcloud.com (DRM)","","","","","",""
"%n track(s)","ItemRow, PlaylistPage, UserPage","PLURAL: forms separated by ' | ' (ru, uk: 3 forms for 1 / 2-4 / 5+; es, pt_BR, de, fr: 2 forms for 1 / many); keep %n","%n track | %n tracks","","","","","",""
"Likes","LibraryPage, UserPage","","Likes","","","","","",""
"Liked tracks","LibraryPage","","Liked tracks","","","","","",""
"Playlists & albums","LibraryPage","","Playlists & albums","","","","","",""
"Playlists","LibraryPage, SearchPage, UserPage","","Playlists","","","","","",""
"History","LibraryPage","","History","","","","","",""
"Following","LibraryPage","","Following","","","","","",""
"Library","LibraryPage, Rail","","Library","","","","","",""
"Couldn't load %1","Main","keep %1","Couldn't load %1","","","","","",""
"Couldn't load the playlist","Main","","Couldn't load the playlist","","","","","",""
"Pick something to play","NowPlayingPanel","","Pick something to play","","","","","",""
"Idle screen","NowPlayingPanel, SettingsPage","","Idle screen","","","","","",""
"Shuffle on","NowPlayingPanel","","Shuffle on","","","","","",""
"Shuffle off","NowPlayingPanel","","Shuffle off","","","","","",""
"Repeat off","NowPlayingPanel","","Repeat off","","","","","",""
"Repeat all","NowPlayingPanel","","Repeat all","","","","","",""
"Repeat one","NowPlayingPanel","","Repeat one","","","","","",""
"Queue","NowPlayingPanel, QueuePage","","Queue","","","","","",""
"Unmute","NowPlayingPanel","","Unmute","","","","","",""
"Mute","NowPlayingPanel","","Mute","","","","","",""
"Back","PageHeader","","Back","","","","","",""
"Made for you","PlaylistPage","","Made for you","","","","","",""
"Album","PlaylistPage, Style","","Album","","","","","",""
"Playlist","PlaylistPage, Style","","Playlist","","","","","",""
"Shuffle play","PlaylistPage","","Shuffle play","","","","","",""
"This playlist is empty","PlaylistPage","","This playlist is empty","","","","","",""
"Playing from %1","QueuePage","keep %1","Playing from %1","","","","","",""
"The queue is empty","QueuePage","","The queue is empty","","","","","",""
"Home","Rail","","Home","","","","","",""
"Search","Rail, SearchPage","","Search","","","","","",""
"Settings","Rail, SettingsPage","","Settings","","","","","",""
"Everything","SearchPage","","Everything","","","","","",""
"Tracks","SearchPage, UserPage","","Tracks","","","","","",""
"People","SearchPage","","People","","","","","",""
"Albums","SearchPage, UserPage","","Albums","","","","","",""
"Artists, tracks, playlists… or a soundcloud.com link","SearchPage","","Artists, tracks, playlists… or a soundcloud.com link","","","","","",""
"Search: %1","SearchPage","keep %1","Search: %1","","","","","",""
"Press Enter to open the link","SearchPage","","Press Enter to open the link","","","","","",""
"Find artists, tracks and playlists","SearchPage","","Find artists, tracks and playlists","","","","","",""
"General","SettingsPage","","General","","","","","",""
"Storage","SettingsPage","","Storage","","","","","",""
"Uses your desktop's color scheme.","SettingsPage","","Uses your desktop's color scheme.","","","","","",""
"SoundCloud's dark colors.","SettingsPage","","SoundCloud's dark colors.","","","","","",""
"Your desktop's color scheme (qt6ct), updated live.","SettingsPage","","Your desktop's color scheme (qt6ct), updated live.","","","","","",""
"The Qt color scheme of the system.","SettingsPage","","The Qt color scheme of the system.","","","","","",""
"SoundCloud's light colors.","SettingsPage","","SoundCloud's light colors.","","","","","",""
"%1 GB","SettingsPage","keep %1","%1 GB","","","","","",""
"%1 MB","SettingsPage","keep %1","%1 MB","","","","","",""
"%1 KB","SettingsPage","keep %1","%1 KB","","","","","",""
"Theme","SettingsPage","","Theme","","","","","",""
"Logo","SettingsPage","","Logo","","","","","",""
"White","SettingsPage","","White","","","","","",""
"Black","SettingsPage","","Black","","","","","",""
"Language","SettingsPage","","Language","","","","","",""
"System uses your desktop's language, or English when there is no translation for it.","SettingsPage","","System uses your desktop's language, or English when there is no translation for it.","","","","","",""
"Open by itself while music plays and the app isn't touched","SettingsPage","","Open by itself while music plays and the app isn't touched","","","","","",""
"After","SettingsPage","""After [slider] 30 sec"": the delay before the idle screen opens","After","","","","","",""
"sec","SettingsPage","seconds, after the delay field","sec","","","","","",""
"Style","SettingsPage","heading above the idle screen's themes","Style","","","","","",""
"Preview","SettingsPage","","Preview","","","","","",""
"Cache","SettingsPage","","Cache","","","","","",""
"in use","SettingsPage","under the cache size, e.g. ""120 MB / in use""","in use","","","","","",""
"Are you sure?","SettingsPage","","Are you sure?","","","","","",""
"Clear cache","SettingsPage","","Clear cache","","","","","",""
"Limit","SettingsPage","the cache size limit slider","Limit","","","","","",""
"Covers, waveforms and the last Home, Feed and Library, so they open at once and also without a connection. When the covers reach the limit, the oldest are removed.","SettingsPage","","Covers, waveforms and the last Home, Feed and Library, so they open at once and also without a connection. When the covers reach the limit, the oldest are removed.","","","","","",""
"Connecting to SoundCloud…","SignInPanel","","Connecting to SoundCloud…","","","","","",""
"Finish signing in in the SoundCloud window. It closes by itself once you're in.","SignInPanel","","Finish signing in in the SoundCloud window. It closes by itself once you're in.","","","","","",""
"Use your own SoundCloud account, the same as on soundcloud.com. The sign-in page opens in a separate window, once.","SignInPanel","","Use your own SoundCloud account, the same as on soundcloud.com. The sign-in page opens in a separate window, once.","","","","","",""
"Show sign-in window","SignInPanel","","Show sign-in window","","","","","",""
"Sign in","SignInPanel","","Sign in","","","","","",""
"%1 followers","Style, UserPage","%1 is the count, shortened like 1.2K; the plural form follows the exact number; PLURAL: forms separated by ' | ' (ru, uk: 3 forms for 1 / 2-4 / 5+; es, pt_BR, de, fr: 2 forms for 1 / many); keep %1","%1 follower | %1 followers","","","","","",""
"Artist","Style","","Artist","","","","","",""
"Popular","UserPage","","Popular","","","","","",""
"Now playing","NowPlaying","","Now playing","","","","","",""
"Nothing playing","TrackInfo","","Nothing playing","","","","","",""
"Sign in to SoundCloud","AuthManager, SignInPanel","","Sign in to SoundCloud","","","","","",""
"Could not reach soundcloud.com: %1","SoundCloudApi","keep %1","Could not reach soundcloud.com: %1","","","","","",""
"Recently played","SoundCloudApi","","Recently played","","","","","",""
"Could not like the track (%1)","SoundCloudApi","keep %1","Could not like the track (%1)","","","","","",""
"Could not unlike the track (%1)","SoundCloudApi","keep %1","Could not unlike the track (%1)","","","","","",""
"SoundCloud: confirm you're not a robot","WebSession","","SoundCloud: confirm you're not a robot","","","","","",""
"Automatic","Application, SettingsPage","","Automatic","","","","","",""
"System colors","Application","","System colors","","","","","",""
"Dark","Application","","Dark","","","","","",""
"Light","Application","","Light","","","","","",""
"System","Application","","System","","","","","",""
"Glass Card","Application","","Glass Card","","","","","",""
"Blur Cover","Application","","Blur Cover","","","","","",""
"Aurora","Application","","Aurora","","","","","",""
"Vinyl","Application","","Vinyl","","","","","",""
"Cassette","Application","","Cassette","","","","","",""
"Particles","Application","","Particles","","","","","",""
"Equalizer","Application","","Equalizer","","","","","",""
"Stereo Mirror","Application","","Stereo Mirror","","","","","",""
"Polaroid","Application","","Polaroid","","","","","",""
"Minimal Clock","Application","","Minimal Clock","","","","","",""
"Typography","Application","","Typography","","","","","",""
"Neon","Application","","Neon","","","","","",""
"Album Wall","Application","","Album Wall","","","","","",""
"Orbit","Application","","Orbit","","","","","",""
"Starfield","Application","","Starfield","","","","","",""
"Cache cleared","Application","","Cache cleared","","","","","",""
"Link copied","Application","","Link copied","","","","","",""
"Link copied to clipboard: %1","Application","keep %1","Link copied to clipboard: %1","","","","","",""
"Not a SoundCloud link","Application","","Not a SoundCloud link","","","","","",""
"Could not open the link (%1)","Application","keep %1","Could not open the link (%1)","","","","","",""
"Play / Pause","Application","","Play / Pause","","","","","",""
"Next","Application, NowPlayingPanel","","Next","","","","","",""
"Previous","Application, NowPlayingPanel","","Previous","","","","","",""
"Copy Track Link","Application","","Copy Track Link","","","","","",""
"Show / Hide Window","Application","","Show / Hide Window","","","","","",""
"Settings…","Application","","Settings…","","","","","",""
"Sign Out","Application","","Sign Out","","","","","",""
"Quit","Application","","Quit","","","","","",""
"Appearance","Application","","Appearance","","","","","",""
"Idle Screen","Application","","Idle Screen","","","","","",""
"Show Idle Screen","Application","","Show Idle Screen","","","","","",""
"Exploring SoundCloud","DiscordPresence","Discord status while nothing plays (shown to your Discord friends)","Exploring SoundCloud","","","","","",""
"Browsing tracks...","DiscordPresence","","Browsing tracks...","","","","","",""
"Paused","DiscordPresence, NowPlaying","","Paused","","","","","",""
"by %1","DiscordPresence","keep %1","by %1","","","","","",""
"Listen on SoundCloud","DiscordPresence","button on the Discord status; Discord allows at most 32 characters","Listen on SoundCloud","","","","","",""
"Playback failed: %1","PlayerController","keep %1","Playback failed: %1","","","","","",""
"Could not load “%1”","PlayerController","keep %1","Could not load “%1”","","","","","",""
"SoundCloud returned no stream for this track","PlayerController","","SoundCloud returned no stream for this track","","","","","",""
"Could not load the stream (%1)","PlayerController","keep %1","Could not load the stream (%1)","","","","","",""
"“%1” can only be played on soundcloud.com","PlayerController","keep %1","“%1” can only be played on soundcloud.com","","","","","",""
"Related tracks","PlayerController","the queue's source after related tracks were added to it; %1 is the original source (""Feed"", a playlist)","Related tracks","","","","","",""
"%1 + related","PlayerController","keep %1","%1 + related","","","","","",""
